<OFX_REMOTE_UI>
	<OFX_REMOTE_UI_V>2</OFX_REMOTE_UI_V>
	<OFX_REMOTE_UI_PARAMS>
		<P name="POSITION" type="group"/>
		<!-- # POSITION ############################ -->
		<P name="x" type="float">142.222</P>
		<P name="y" type="float">158.889</P>
		<P name="Z: what" type="float">0</P>
		<P name="STYLE" type="group"/>
		<!-- # STYLE ############################ -->
		<P name="drawOutlines" type="bool">0</P>
		<P name="numCircles" type="int">30</P>
		<P name="circleSize" type="float">1</P>
		<P name="OTHER" type="group"/>
		<!-- # OTHER ############################ -->
		<P name="currentSentence" type="string">unInited</P>
		<P name="currentMouseX" type="int">532</P>
		<P name="menu" type="enum">1</P>
		<P c0.red="255" c1.green="255" c2.blue="255" c3.alpha="255" name="color" type="color"/>
		<!--                                                                                 -->
		<!-- ############################## DISABLED PARAMS ################################# -->
		<!--                                                                                 -->
		<P disabled="1" name="unloadTest" type="string">inited from source</P>
	</OFX_REMOTE_UI_PARAMS>
	<OFX_REMOTE_UI_SERVER_PORT>22714</OFX_REMOTE_UI_SERVER_PORT>
	<OFX_REMOTE_UI_SERVER_ENABLED>1</OFX_REMOTE_UI_SERVER_ENABLED>
</OFX_REMOTE_UI>
